"GEO","National Occupational Classification (NOC)","VALUE"
"Canada","Total, all occupations [00-95]","21680.6"
"Canada","Management occupations [00, 10, 20, 30, 40, 50, 60, 70, 80, 90]","2015.1"
"Canada","Legislative and senior management occupations [00]","61.1"
"Canada","Specialized middle management occupations [10, 20, 30, 40, 50]","747.5"
"Canada","Middle management occupations in retail and wholesale trade and customer services [60]","575.1"
"Canada","Middle management occupations in trades, transportation, production and utilities [70, 80, 90]","631.5"
"Canada","Business, finance and administration occupations, except management [11-14]","3448.3"
"Canada","Professional occupations in finance and business [11]","1021.9"
"Canada","Professional occupations in finance [111]","532.7"
"Canada","Professional occupations in business [112]","489.2"
"Canada","Administrative and financial supervisors and specialized administrative occupations [12]","812.5"
"Canada","Administrative occupations and transportation logistics occupations [13]","765.8"
"Canada","Administrative and financial support and supply chain logistics occupations [14]","848.0"
"Canada","Natural and applied sciences and related occupations, except management [21-22]","1847.5"
"Canada","Professional occupations in natural and applied sciences [21]","1188.5"
"Canada","Professional occupations in natural sciences [211]","82.6"
"Canada","Professional occupations in applied sciences (except engineering) [212]","818.4"
"Canada","Professional occupations in engineering [213]","287.5"
"Canada","Technical occupations related to natural and applied sciences [22]","659.0"
"Canada","Health occupations, except management [31-33]","1602.0"
"Canada","Professional occupations in health [31]","785.1"
"Canada","Health treating and consultation services professionals [311]","246.5"
"Canada","Therapy and assessment professionals [312]","123.8"
"Canada","Nursing and allied health professionals [313]","414.9"
"Canada","Technical occupations in health [32]","385.3"
"Canada","Assisting occupations in support of health services [33]","431.6"
"Canada","Occupations in education, law and social, community and government services, except management [41-45]","2210.0"
"Canada","Professional occupations in law, education, social, community and government services [41]","1381.7"
"Canada","Professional occupations in law [411]","134.2"
"Canada","Professional occupations in education services [412]","740.2"
"Canada","Professional occupations in social and community services [413]","235.4"
"Canada","Professional occupations in government services [414]","271.9"
"Canada","Front-line public protection services and paraprofessional occupations in legal, social, community, education services [42]","572.2"
"Canada","Occupations in front-line public protection services [421]","116.5"
"Canada","Paraprofessional occupations in legal, social, community and education services [422]","455.8"
"Canada","Assisting occupations in education and in legal and public protection [43]","147.6"
"Canada","Care providers and public protection support occupations and student monitors, crossing guards and related occupations [44-45]","108.5"
"Canada","Occupations in art, culture, recreation and sport, except management [51-55]","796.5"
"Canada","Professional occupations in art and culture [51]","182.4"
"Canada","Technical occupations in art, culture and sport [52]","230.5"
"Canada","Occupations in art, culture and sport [53]","138.7"
"Canada","Support occupations in art, culture and sport [54-55]","244.9"
"Canada","Sales and service occupations, except management [62-65]","4708.8"
"Canada","Retail sales and service supervisors and specialized occupations in sales and services [62]","676.1"
"Canada","Occupations in sales and services [63]","665.8"
"Canada","Sales and service representatives and other customer and personal services occupations [64]","1459.0"
"Canada","Sales and service support occupations [65]","1908.0"
"Canada","Trades, transport and equipment operators and related occupations, except management [72-75]","3193.8"
"Canada","Technical trades and transportation officers and controllers [72]","1520.1"
"Canada","General trades [73]","852.6"
"Canada","Mail and message distribution, other transport equipment operators and related maintenance workers [74]","150.4"
"Canada","Helpers and labourers and other transport drivers, operators and labourers [75]","670.7"
"Canada","Natural resources, agriculture and related production occupations, except management [82-85]","450.8"
"Canada","Supervisors and occupations in natural resources, agriculture and related production [82-83]","147.8"
"Canada","Workers and labourers in natural resources, agriculture and related production [84-85]","302.9"
"Canada","Occupations in manufacturing and utilities, except management [92-95]","906.8"
"Canada","Supervisors, central control and process operators in processing, manufacturing and utilities and aircraft assemblers and inspectors [92-93]","199.3"
"Canada","Machine operators, assemblers and inspectors in processing, manufacturing and printing [94]","556.6"
"Canada","Labourers in processing, manufacturing and utilities [95]","150.9"
"Canada","Unclassified occupations","501.1"
"Newfoundland and Labrador","Total, all occupations [00-95]","271.3"
"Newfoundland and Labrador","Management occupations [00, 10, 20, 30, 40, 50, 60, 70, 80, 90]","15.9"
"Newfoundland and Labrador","Legislative and senior management occupations [00]","1.1"
"Newfoundland and Labrador","Specialized middle management occupations [10, 20, 30, 40, 50]","5.4"
"Newfoundland and Labrador","Middle management occupations in retail and wholesale trade and customer services [60]","4.9"
"Newfoundland and Labrador","Middle management occupations in trades, transportation, production and utilities [70, 80, 90]","4.5"
"Newfoundland and Labrador","Business, finance and administration occupations, except management [11-14]","36.3"
"Newfoundland and Labrador","Professional occupations in finance and business [11]","7.6"
"Newfoundland and Labrador","Professional occupations in finance [111]","4.2"
"Newfoundland and Labrador","Professional occupations in business [112]","3.4"
"Newfoundland and Labrador","Administrative and financial supervisors and specialized administrative occupations [12]","9.5"
"Newfoundland and Labrador","Administrative occupations and transportation logistics occupations [13]","8.4"
"Newfoundland and Labrador","Administrative and financial support and supply chain logistics occupations [14]","10.8"
"Newfoundland and Labrador","Natural and applied sciences and related occupations, except management [21-22]","15.7"
"Newfoundland and Labrador","Professional occupations in natural and applied sciences [21]","7.4"
"Newfoundland and Labrador","Professional occupations in natural sciences [211]","1.2"
"Newfoundland and Labrador","Professional occupations in applied sciences (except engineering) [212]","2.9"
"Newfoundland and Labrador","Professional occupations in engineering [213]","3.3"
"Newfoundland and Labrador","Technical occupations related to natural and applied sciences [22]","8.3"
"Newfoundland and Labrador","Health occupations, except management [31-33]","27.5"
"Newfoundland and Labrador","Professional occupations in health [31]","12.5"
"Newfoundland and Labrador","Health treating and consultation services professionals [311]","3.8"
"Newfoundland and Labrador","Therapy and assessment professionals [312]","1.1"
"Newfoundland and Labrador","Nursing and allied health professionals [313]","7.5"
"Newfoundland and Labrador","Technical occupations in health [32]","6.8"
"Newfoundland and Labrador","Assisting occupations in support of health services [33]","8.3"
"Newfoundland and Labrador","Occupations in education, law and social, community and government services, except management [41-45]","32.1"
"Newfoundland and Labrador","Professional occupations in law, education, social, community and government services [41]","18.0"
"Newfoundland and Labrador","Professional occupations in law [411]","1.5"
"Newfoundland and Labrador","Professional occupations in education services [412]","9.0"
"Newfoundland and Labrador","Professional occupations in social and community services [413]","3.6"
"Newfoundland and Labrador","Professional occupations in government services [414]","3.9"
"Newfoundland and Labrador","Front-line public protection services and paraprofessional occupations in legal, social, community, education services [42]","6.9"
"Newfoundland and Labrador","Occupations in front-line public protection services [421]","2.4"
"Newfoundland and Labrador","Paraprofessional occupations in legal, social, community and education services [422]","4.5"
"Newfoundland and Labrador","Assisting occupations in education and in legal and public protection [43]","1.3"
"Newfoundland and Labrador","Care providers and public protection support occupations and student monitors, crossing guards and related occupations [44-45]","5.9"
"Newfoundland and Labrador","Occupations in art, culture, recreation and sport, except management [51-55]","9.7"
"Newfoundland and Labrador","Professional occupations in art and culture [51]","0.9"
"Newfoundland and Labrador","Technical occupations in art, culture and sport [52]","0.9"
"Newfoundland and Labrador","Occupations in art, culture and sport [53]","1.8"
"Newfoundland and Labrador","Support occupations in art, culture and sport [54-55]","6.1"
"Newfoundland and Labrador","Sales and service occupations, except management [62-65]","57.5"
"Newfoundland and Labrador","Retail sales and service supervisors and specialized occupations in sales and services [62]","7.7"
"Newfoundland and Labrador","Occupations in sales and services [63]","7.4"
"Newfoundland and Labrador","Sales and service representatives and other customer and personal services occupations [64]","16.7"
"Newfoundland and Labrador","Sales and service support occupations [65]","25.6"
"Newfoundland and Labrador","Trades, transport and equipment operators and related occupations, except management [72-75]","47.7"
"Newfoundland and Labrador","Technical trades and transportation officers and controllers [72]","26.8"
"Newfoundland and Labrador","General trades [73]","9.8"
"Newfoundland and Labrador","Mail and message distribution, other transport equipment operators and related maintenance workers [74]","3.0"
"Newfoundland and Labrador","Helpers and labourers and other transport drivers, operators and labourers [75]","8.1"
"Newfoundland and Labrador","Natural resources, agriculture and related production occupations, except management [82-85]","13.9"
"Newfoundland and Labrador","Supervisors and occupations in natural resources, agriculture and related production [82-83]","8.7"
"Newfoundland and Labrador","Workers and labourers in natural resources, agriculture and related production [84-85]","5.2"
"Newfoundland and Labrador","Occupations in manufacturing and utilities, except management [92-95]","8.2"
"Newfoundland and Labrador","Supervisors, central control and process operators in processing, manufacturing and utilities and aircraft assemblers and inspectors [92-93]","1.9"
"Newfoundland and Labrador","Machine operators, assemblers and inspectors in processing, manufacturing and printing [94]","3.7"
"Newfoundland and Labrador","Labourers in processing, manufacturing and utilities [95]","2.6"
"Newfoundland and Labrador","Unclassified occupations","6.7"
"Prince Edward Island","Total, all occupations [00-95]","100.1"
"Prince Edward Island","Management occupations [00, 10, 20, 30, 40, 50, 60, 70, 80, 90]","9.4"
"Prince Edward Island","Legislative and senior management occupations [00]","0.3"
"Prince Edward Island","Specialized middle management occupations [10, 20, 30, 40, 50]","2.7"
"Prince Edward Island","Middle management occupations in retail and wholesale trade and customer services [60]","3.0"
"Prince Edward Island","Middle management occupations in trades, transportation, production and utilities [70, 80, 90]","3.4"
"Prince Edward Island","Business, finance and administration occupations, except management [11-14]","12.6"
"Prince Edward Island","Professional occupations in finance and business [11]","2.6"
"Prince Edward Island","Professional occupations in finance [111]","1.6"
"Prince Edward Island","Professional occupations in business [112]","1.0"
"Prince Edward Island","Administrative and financial supervisors and specialized administrative occupations [12]","3.4"
"Prince Edward Island","Administrative occupations and transportation logistics occupations [13]","3.1"
"Prince Edward Island","Administrative and financial support and supply chain logistics occupations [14]","3.5"
"Prince Edward Island","Natural and applied sciences and related occupations, except management [21-22]","6.4"
"Prince Edward Island","Professional occupations in natural and applied sciences [21]","4.0"
"Prince Edward Island","Professional occupations in natural sciences [211]","0.2"
"Prince Edward Island","Professional occupations in applied sciences (except engineering) [212]","2.8"
"Prince Edward Island","Professional occupations in engineering [213]","1.0"
"Prince Edward Island","Technical occupations related to natural and applied sciences [22]","2.4"
"Prince Edward Island","Health occupations, except management [31-33]","9.5"
"Prince Edward Island","Professional occupations in health [31]","4.3"
"Prince Edward Island","Health treating and consultation services professionals [311]","1.3"
"Prince Edward Island","Therapy and assessment professionals [312]","0.5"
"Prince Edward Island","Nursing and allied health professionals [313]","2.4"
"Prince Edward Island","Technical occupations in health [32]","2.3"
"Prince Edward Island","Assisting occupations in support of health services [33]","2.9"
"Prince Edward Island","Occupations in education, law and social, community and government services, except management [41-45]","10.8"
"Prince Edward Island","Professional occupations in law, education, social, community and government services [41]","6.0"
"Prince Edward Island","Professional occupations in law [411]","0.5"
"Prince Edward Island","Professional occupations in education services [412]","3.0"
"Prince Edward Island","Professional occupations in social and community services [413]","0.9"
"Prince Edward Island","Professional occupations in government services [414]","1.6"
"Prince Edward Island","Front-line public protection services and paraprofessional occupations in legal, social, community, education services [42]","3.7"
"Prince Edward Island","Occupations in front-line public protection services [421]","0"
"Prince Edward Island","Paraprofessional occupations in legal, social, community and education services [422]","3.6"
"Prince Edward Island","Assisting occupations in education and in legal and public protection [43]","0.9"
"Prince Edward Island","Care providers and public protection support occupations and student monitors, crossing guards and related occupations [44-45]","0.2"
"Prince Edward Island","Occupations in art, culture, recreation and sport, except management [51-55]","3.2"
"Prince Edward Island","Professional occupations in art and culture [51]","0.6"
"Prince Edward Island","Technical occupations in art, culture and sport [52]","0.6"
"Prince Edward Island","Occupations in art, culture and sport [53]","0.9"
"Prince Edward Island","Support occupations in art, culture and sport [54-55]","1.1"
"Prince Edward Island","Sales and service occupations, except management [62-65]","20.2"
"Prince Edward Island","Retail sales and service supervisors and specialized occupations in sales and services [62]","2.1"
"Prince Edward Island","Occupations in sales and services [63]","2.1"
"Prince Edward Island","Sales and service representatives and other customer and personal services occupations [64]","5.7"
"Prince Edward Island","Sales and service support occupations [65]","10.4"
"Prince Edward Island","Trades, transport and equipment operators and related occupations, except management [72-75]","14.5"
"Prince Edward Island","Technical trades and transportation officers and controllers [72]","6.7"
"Prince Edward Island","General trades [73]","4.4"
"Prince Edward Island","Mail and message distribution, other transport equipment operators and related maintenance workers [74]","1.3"
"Prince Edward Island","Helpers and labourers and other transport drivers, operators and labourers [75]","2.1"
"Prince Edward Island","Natural resources, agriculture and related production occupations, except management [82-85]","7.3"
"Prince Edward Island","Supervisors and occupations in natural resources, agriculture and related production [82-83]","2.6"
"Prince Edward Island","Workers and labourers in natural resources, agriculture and related production [84-85]","4.6"
"Prince Edward Island","Occupations in manufacturing and utilities, except management [92-95]","4.6"
"Prince Edward Island","Supervisors, central control and process operators in processing, manufacturing and utilities and aircraft assemblers and inspectors [92-93]","1.0"
"Prince Edward Island","Machine operators, assemblers and inspectors in processing, manufacturing and printing [94]","2.6"
"Prince Edward Island","Labourers in processing, manufacturing and utilities [95]","1.1"
"Prince Edward Island","Unclassified occupations","1.5"
"Nova Scotia","Total, all occupations [00-95]","547.2"
"Nova Scotia","Management occupations [00, 10, 20, 30, 40, 50, 60, 70, 80, 90]","44.3"
"Nova Scotia","Legislative and senior management occupations [00]","0.8"
"Nova Scotia","Specialized middle management occupations [10, 20, 30, 40, 50]","17.5"
"Nova Scotia","Middle management occupations in retail and wholesale trade and customer services [60]","14.5"
"Nova Scotia","Middle management occupations in trades, transportation, production and utilities [70, 80, 90]","11.6"
"Nova Scotia","Business, finance and administration occupations, except management [11-14]","76.7"
"Nova Scotia","Professional occupations in finance and business [11]","22.1"
"Nova Scotia","Professional occupations in finance [111]","10.5"
"Nova Scotia","Professional occupations in business [112]","11.7"
"Nova Scotia","Administrative and financial supervisors and specialized administrative occupations [12]","16.1"
"Nova Scotia","Administrative occupations and transportation logistics occupations [13]","17.1"
"Nova Scotia","Administrative and financial support and supply chain logistics occupations [14]","21.4"
"Nova Scotia","Natural and applied sciences and related occupations, except management [21-22]","38.2"
"Nova Scotia","Professional occupations in natural and applied sciences [21]","27.1"
"Nova Scotia","Professional occupations in natural sciences [211]","2.9"
"Nova Scotia","Professional occupations in applied sciences (except engineering) [212]","16.4"
"Nova Scotia","Professional occupations in engineering [213]","7.8"
"Nova Scotia","Technical occupations related to natural and applied sciences [22]","11.1"
"Nova Scotia","Health occupations, except management [31-33]","50.6"
"Nova Scotia","Professional occupations in health [31]","21.6"
"Nova Scotia","Health treating and consultation services professionals [311]","7.4"
"Nova Scotia","Therapy and assessment professionals [312]","4.1"
"Nova Scotia","Nursing and allied health professionals [313]","10.0"
"Nova Scotia","Technical occupations in health [32]","13.9"
"Nova Scotia","Assisting occupations in support of health services [33]","15.2"
"Nova Scotia","Occupations in education, law and social, community and government services, except management [41-45]","60.9"
"Nova Scotia","Professional occupations in law, education, social, community and government services [41]","37.7"
"Nova Scotia","Professional occupations in law [411]","3.3"
"Nova Scotia","Professional occupations in education services [412]","17.9"
"Nova Scotia","Professional occupations in social and community services [413]","5.5"
"Nova Scotia","Professional occupations in government services [414]","11.0"
"Nova Scotia","Front-line public protection services and paraprofessional occupations in legal, social, community, education services [42]","13.1"
"Nova Scotia","Occupations in front-line public protection services [421]","2.0"
"Nova Scotia","Paraprofessional occupations in legal, social, community and education services [422]","11.1"
"Nova Scotia","Assisting occupations in education and in legal and public protection [43]","7.2"
"Nova Scotia","Care providers and public protection support occupations and student monitors, crossing guards and related occupations [44-45]","2.9"
"Nova Scotia","Occupations in art, culture, recreation and sport, except management [51-55]","19.5"
"Nova Scotia","Professional occupations in art and culture [51]","4.5"
"Nova Scotia","Technical occupations in art, culture and sport [52]","4.5"
"Nova Scotia","Occupations in art, culture and sport [53]","3.8"
"Nova Scotia","Support occupations in art, culture and sport [54-55]","6.6"
"Nova Scotia","Sales and service occupations, except management [62-65]","125.1"
"Nova Scotia","Retail sales and service supervisors and specialized occupations in sales and services [62]","22.1"
"Nova Scotia","Occupations in sales and services [63]","14.9"
"Nova Scotia","Sales and service representatives and other customer and personal services occupations [64]","35.7"
"Nova Scotia","Sales and service support occupations [65]","52.4"
"Nova Scotia","Trades, transport and equipment operators and related occupations, except management [72-75]","76.9"
"Nova Scotia","Technical trades and transportation officers and controllers [72]","37.5"
"Nova Scotia","General trades [73]","16.5"
"Nova Scotia","Mail and message distribution, other transport equipment operators and related maintenance workers [74]","5.0"
"Nova Scotia","Helpers and labourers and other transport drivers, operators and labourers [75]","17.9"
"Nova Scotia","Natural resources, agriculture and related production occupations, except management [82-85]","19.7"
"Nova Scotia","Supervisors and occupations in natural resources, agriculture and related production [82-83]","6.5"
"Nova Scotia","Workers and labourers in natural resources, agriculture and related production [84-85]","13.2"
"Nova Scotia","Occupations in manufacturing and utilities, except management [92-95]","22.4"
"Nova Scotia","Supervisors, central control and process operators in processing, manufacturing and utilities and aircraft assemblers and inspectors [92-93]","7.6"
"Nova Scotia","Machine operators, assemblers and inspectors in processing, manufacturing and printing [94]","9.6"
"Nova Scotia","Labourers in processing, manufacturing and utilities [95]","5.2"
"Nova Scotia","Unclassified occupations","13.0"
"New Brunswick","Total, all occupations [00-95]","424.3"
"New Brunswick","Management occupations [00, 10, 20, 30, 40, 50, 60, 70, 80, 90]","29.3"
"New Brunswick","Legislative and senior management occupations [00]","0.5"
"New Brunswick","Specialized middle management occupations [10, 20, 30, 40, 50]","11.3"
"New Brunswick","Middle management occupations in retail and wholesale trade and customer services [60]","9.8"
"New Brunswick","Middle management occupations in trades, transportation, production and utilities [70, 80, 90]","7.8"
"New Brunswick","Business, finance and administration occupations, except management [11-14]","63.5"
"New Brunswick","Professional occupations in finance and business [11]","17.6"
"New Brunswick","Professional occupations in finance [111]","6.9"
"New Brunswick","Professional occupations in business [112]","10.7"
"New Brunswick","Administrative and financial supervisors and specialized administrative occupations [12]","15.3"
"New Brunswick","Administrative occupations and transportation logistics occupations [13]","15.9"
"New Brunswick","Administrative and financial support and supply chain logistics occupations [14]","14.7"
"New Brunswick","Natural and applied sciences and related occupations, except management [21-22]","31.7"
"New Brunswick","Professional occupations in natural and applied sciences [21]","18.7"
"New Brunswick","Professional occupations in natural sciences [211]","2.5"
"New Brunswick","Professional occupations in applied sciences (except engineering) [212]","12.3"
"New Brunswick","Professional occupations in engineering [213]","4.0"
"New Brunswick","Technical occupations related to natural and applied sciences [22]","12.9"
"New Brunswick","Health occupations, except management [31-33]","36.9"
"New Brunswick","Professional occupations in health [31]","14.1"
"New Brunswick","Health treating and consultation services professionals [311]","4.2"
"New Brunswick","Therapy and assessment professionals [312]","1.7"
"New Brunswick","Nursing and allied health professionals [313]","8.2"
"New Brunswick","Technical occupations in health [32]","9.7"
"New Brunswick","Assisting occupations in support of health services [33]","13.1"
"New Brunswick","Occupations in education, law and social, community and government services, except management [41-45]","49.5"
"New Brunswick","Professional occupations in law, education, social, community and government services [41]","28.8"
"New Brunswick","Professional occupations in law [411]","2.8"
"New Brunswick","Professional occupations in education services [412]","14.5"
"New Brunswick","Professional occupations in social and community services [413]","7.4"
"New Brunswick","Professional occupations in government services [414]","4.0"
"New Brunswick","Front-line public protection services and paraprofessional occupations in legal, social, community, education services [42]","13.5"
"New Brunswick","Occupations in front-line public protection services [421]","2.4"
"New Brunswick","Paraprofessional occupations in legal, social, community and education services [422]","11.1"
"New Brunswick","Assisting occupations in education and in legal and public protection [43]","4.4"
"New Brunswick","Care providers and public protection support occupations and student monitors, crossing guards and related occupations [44-45]","2.9"
"New Brunswick","Occupations in art, culture, recreation and sport, except management [51-55]","7.0"
"New Brunswick","Professional occupations in art and culture [51]","2.2"
"New Brunswick","Technical occupations in art, culture and sport [52]","1.6"
"New Brunswick","Occupations in art, culture and sport [53]","0.9"
"New Brunswick","Support occupations in art, culture and sport [54-55]","2.3"
"New Brunswick","Sales and service occupations, except management [62-65]","97.2"
"New Brunswick","Retail sales and service supervisors and specialized occupations in sales and services [62]","16.9"
"New Brunswick","Occupations in sales and services [63]","13.5"
"New Brunswick","Sales and service representatives and other customer and personal services occupations [64]","30.4"
"New Brunswick","Sales and service support occupations [65]","36.4"
"New Brunswick","Trades, transport and equipment operators and related occupations, except management [72-75]","72.9"
"New Brunswick","Technical trades and transportation officers and controllers [72]","33.8"
"New Brunswick","General trades [73]","21.1"
"New Brunswick","Mail and message distribution, other transport equipment operators and related maintenance workers [74]","3.3"
"New Brunswick","Helpers and labourers and other transport drivers, operators and labourers [75]","14.8"
"New Brunswick","Natural resources, agriculture and related production occupations, except management [82-85]","13.8"
"New Brunswick","Supervisors and occupations in natural resources, agriculture and related production [82-83]","4.8"
"New Brunswick","Workers and labourers in natural resources, agriculture and related production [84-85]","9.0"
"New Brunswick","Occupations in manufacturing and utilities, except management [92-95]","15.0"
"New Brunswick","Supervisors, central control and process operators in processing, manufacturing and utilities and aircraft assemblers and inspectors [92-93]","3.8"
"New Brunswick","Machine operators, assemblers and inspectors in processing, manufacturing and printing [94]","7.9"
"New Brunswick","Labourers in processing, manufacturing and utilities [95]","3.4"
"New Brunswick","Unclassified occupations","7.4"
"Quebec","Total, all occupations [00-95]","4793.0"
"Quebec","Management occupations [00, 10, 20, 30, 40, 50, 60, 70, 80, 90]","393.2"
"Quebec","Legislative and senior management occupations [00]","7.4"
"Quebec","Specialized middle management occupations [10, 20, 30, 40, 50]","136.2"
"Quebec","Middle management occupations in retail and wholesale trade and customer services [60]","120.0"
"Quebec","Middle management occupations in trades, transportation, production and utilities [70, 80, 90]","129.7"
"Quebec","Business, finance and administration occupations, except management [11-14]","770.8"
"Quebec","Professional occupations in finance and business [11]","216.6"
"Quebec","Professional occupations in finance [111]","119.9"
"Quebec","Professional occupations in business [112]","96.7"
"Quebec","Administrative and financial supervisors and specialized administrative occupations [12]","173.4"
"Quebec","Administrative occupations and transportation logistics occupations [13]","216.7"
"Quebec","Administrative and financial support and supply chain logistics occupations [14]","164.2"
"Quebec","Natural and applied sciences and related occupations, except management [21-22]","445.7"
"Quebec","Professional occupations in natural and applied sciences [21]","254.3"
"Quebec","Professional occupations in natural sciences [211]","14.3"
"Quebec","Professional occupations in applied sciences (except engineering) [212]","173.0"
"Quebec","Professional occupations in engineering [213]","67.1"
"Quebec","Technical occupations related to natural and applied sciences [22]","191.4"
"Quebec","Health occupations, except management [31-33]","323.1"
"Quebec","Professional occupations in health [31]","154.9"
"Quebec","Health treating and consultation services professionals [311]","42.1"
"Quebec","Therapy and assessment professionals [312]","28.5"
"Quebec","Nursing and allied health professionals [313]","84.3"
"Quebec","Technical occupations in health [32]","82.4"
"Quebec","Assisting occupations in support of health services [33]","85.8"
"Quebec","Occupations in education, law and social, community and government services, except management [41-45]","487.8"
"Quebec","Professional occupations in law, education, social, community and government services [41]","287.1"
"Quebec","Professional occupations in law [411]","24.7"
"Quebec","Professional occupations in education services [412]","173.7"
"Quebec","Professional occupations in social and community services [413]","45.6"
"Quebec","Professional occupations in government services [414]","43.1"
"Quebec","Front-line public protection services and paraprofessional occupations in legal, social, community, education services [42]","149.6"
"Quebec","Occupations in front-line public protection services [421]","23.3"
"Quebec","Paraprofessional occupations in legal, social, community and education services [422]","126.2"
"Quebec","Assisting occupations in education and in legal and public protection [43]","18.7"
"Quebec","Care providers and public protection support occupations and student monitors, crossing guards and related occupations [44-45]","32.5"
"Quebec","Occupations in art, culture, recreation and sport, except management [51-55]","215.9"
"Quebec","Professional occupations in art and culture [51]","43.6"
"Quebec","Technical occupations in art, culture and sport [52]","59.3"
"Quebec","Occupations in art, culture and sport [53]","40.8"
"Quebec","Support occupations in art, culture and sport [54-55]","72.3"
"Quebec","Sales and service occupations, except management [62-65]","1055.3"
"Quebec","Retail sales and service supervisors and specialized occupations in sales and services [62]","134.9"
"Quebec","Occupations in sales and services [63]","164.8"
"Quebec","Sales and service representatives and other customer and personal services occupations [64]","325.0"
"Quebec","Sales and service support occupations [65]","430.5"
"Quebec","Trades, transport and equipment operators and related occupations, except management [72-75]","711.2"
"Quebec","Technical trades and transportation officers and controllers [72]","316.5"
"Quebec","General trades [73]","197.1"
"Quebec","Mail and message distribution, other transport equipment operators and related maintenance workers [74]","25.1"
"Quebec","Helpers and labourers and other transport drivers, operators and labourers [75]","172.5"
"Quebec","Natural resources, agriculture and related production occupations, except management [82-85]","73.6"
"Quebec","Supervisors and occupations in natural resources, agriculture and related production [82-83]","21.5"
"Quebec","Workers and labourers in natural resources, agriculture and related production [84-85]","52.1"
"Quebec","Occupations in manufacturing and utilities, except management [92-95]","246.2"
"Quebec","Supervisors, central control and process operators in processing, manufacturing and utilities and aircraft assemblers and inspectors [92-93]","39.4"
"Quebec","Machine operators, assemblers and inspectors in processing, manufacturing and printing [94]","150.7"
"Quebec","Labourers in processing, manufacturing and utilities [95]","56.2"
"Quebec","Unclassified occupations","70.1"
"Ontario","Total, all occupations [00-95]","8544.4"
"Ontario","Management occupations [00, 10, 20, 30, 40, 50, 60, 70, 80, 90]","840.9"
"Ontario","Legislative and senior management occupations [00]","32.5"
"Ontario","Specialized middle management occupations [10, 20, 30, 40, 50]","353.8"
"Ontario","Middle management occupations in retail and wholesale trade and customer services [60]","216.4"
"Ontario","Middle management occupations in trades, transportation, production and utilities [70, 80, 90]","238.2"
"Ontario","Business, finance and administration occupations, except management [11-14]","1420.3"
"Ontario","Professional occupations in finance and business [11]","454.5"
"Ontario","Professional occupations in finance [111]","225.8"
"Ontario","Professional occupations in business [112]","228.8"
"Ontario","Administrative and financial supervisors and specialized administrative occupations [12]","334.7"
"Ontario","Administrative occupations and transportation logistics occupations [13]","286.5"
"Ontario","Administrative and financial support and supply chain logistics occupations [14]","344.7"
"Ontario","Natural and applied sciences and related occupations, except management [21-22]","791.5"
"Ontario","Professional occupations in natural and applied sciences [21]","567.5"
"Ontario","Professional occupations in natural sciences [211]","35.0"
"Ontario","Professional occupations in applied sciences (except engineering) [212]","418.8"
"Ontario","Professional occupations in engineering [213]","113.7"
"Ontario","Technical occupations related to natural and applied sciences [22]","223.9"
"Ontario","Health occupations, except management [31-33]","605.0"
"Ontario","Professional occupations in health [31]","308.9"
"Ontario","Health treating and consultation services professionals [311]","111.4"
"Ontario","Therapy and assessment professionals [312]","47.1"
"Ontario","Nursing and allied health professionals [313]","150.4"
"Ontario","Technical occupations in health [32]","128.6"
"Ontario","Assisting occupations in support of health services [33]","167.5"
"Ontario","Occupations in education, law and social, community and government services, except management [41-45]","859.1"
"Ontario","Professional occupations in law, education, social, community and government services [41]","577.3"
"Ontario","Professional occupations in law [411]","69.9"
"Ontario","Professional occupations in education services [412]","287.6"
"Ontario","Professional occupations in social and community services [413]","100.2"
"Ontario","Professional occupations in government services [414]","119.6"
"Ontario","Front-line public protection services and paraprofessional occupations in legal, social, community, education services [42]","192.6"
"Ontario","Occupations in front-line public protection services [421]","41.9"
"Ontario","Paraprofessional occupations in legal, social, community and education services [422]","150.7"
"Ontario","Assisting occupations in education and in legal and public protection [43]","56.3"
"Ontario","Care providers and public protection support occupations and student monitors, crossing guards and related occupations [44-45]","32.9"
"Ontario","Occupations in art, culture, recreation and sport, except management [51-55]","303.3"
"Ontario","Professional occupations in art and culture [51]","77.4"
"Ontario","Technical occupations in art, culture and sport [52]","87.5"
"Ontario","Occupations in art, culture and sport [53]","39.9"
"Ontario","Support occupations in art, culture and sport [54-55]","98.5"
"Ontario","Sales and service occupations, except management [62-65]","1796.1"
"Ontario","Retail sales and service supervisors and specialized occupations in sales and services [62]","272.0"
"Ontario","Occupations in sales and services [63]","256.8"
"Ontario","Sales and service representatives and other customer and personal services occupations [64]","570.6"
"Ontario","Sales and service support occupations [65]","696.6"
"Ontario","Trades, transport and equipment operators and related occupations, except management [72-75]","1175.7"
"Ontario","Technical trades and transportation officers and controllers [72]","548.6"
"Ontario","General trades [73]","311.3"
"Ontario","Mail and message distribution, other transport equipment operators and related maintenance workers [74]","54.8"
"Ontario","Helpers and labourers and other transport drivers, operators and labourers [75]","261.0"
"Ontario","Natural resources, agriculture and related production occupations, except management [82-85]","122.4"
"Ontario","Supervisors and occupations in natural resources, agriculture and related production [82-83]","24.5"
"Ontario","Workers and labourers in natural resources, agriculture and related production [84-85]","97.9"
"Ontario","Occupations in manufacturing and utilities, except management [92-95]","399.2"
"Ontario","Supervisors, central control and process operators in processing, manufacturing and utilities and aircraft assemblers and inspectors [92-93]","76.5"
"Ontario","Machine operators, assemblers and inspectors in processing, manufacturing and printing [94]","277.8"
"Ontario","Labourers in processing, manufacturing and utilities [95]","44.9"
"Ontario","Unclassified occupations","231.0"
"Manitoba","Total, all occupations [00-95]","736.1"
"Manitoba","Management occupations [00, 10, 20, 30, 40, 50, 60, 70, 80, 90]","61.6"
"Manitoba","Legislative and senior management occupations [00]","1.2"
"Manitoba","Specialized middle management occupations [10, 20, 30, 40, 50]","20.5"
"Manitoba","Middle management occupations in retail and wholesale trade and customer services [60]","21.6"
"Manitoba","Middle management occupations in trades, transportation, production and utilities [70, 80, 90]","18.4"
"Manitoba","Business, finance and administration occupations, except management [11-14]","105.9"
"Manitoba","Professional occupations in finance and business [11]","26.9"
"Manitoba","Professional occupations in finance [111]","13.9"
"Manitoba","Professional occupations in business [112]","13.1"
"Manitoba","Administrative and financial supervisors and specialized administrative occupations [12]","25.9"
"Manitoba","Administrative occupations and transportation logistics occupations [13]","22.5"
"Manitoba","Administrative and financial support and supply chain logistics occupations [14]","30.6"
"Manitoba","Natural and applied sciences and related occupations, except management [21-22]","41.8"
"Manitoba","Professional occupations in natural and applied sciences [21]","21.6"
"Manitoba","Professional occupations in natural sciences [211]","2.0"
"Manitoba","Professional occupations in applied sciences (except engineering) [212]","12.6"
"Manitoba","Professional occupations in engineering [213]","7.1"
"Manitoba","Technical occupations related to natural and applied sciences [22]","20.1"
"Manitoba","Health occupations, except management [31-33]","61.5"
"Manitoba","Professional occupations in health [31]","28.4"
"Manitoba","Health treating and consultation services professionals [311]","6.8"
"Manitoba","Therapy and assessment professionals [312]","3.8"
"Manitoba","Nursing and allied health professionals [313]","17.7"
"Manitoba","Technical occupations in health [32]","11.7"
"Manitoba","Assisting occupations in support of health services [33]","21.4"
"Manitoba","Occupations in education, law and social, community and government services, except management [41-45]","91.4"
"Manitoba","Professional occupations in law, education, social, community and government services [41]","50.8"
"Manitoba","Professional occupations in law [411]","1.2"
"Manitoba","Professional occupations in education services [412]","29.6"
"Manitoba","Professional occupations in social and community services [413]","8.7"
"Manitoba","Professional occupations in government services [414]","11.3"
"Manitoba","Front-line public protection services and paraprofessional occupations in legal, social, community, education services [42]","26.1"
"Manitoba","Occupations in front-line public protection services [421]","5.4"
"Manitoba","Paraprofessional occupations in legal, social, community and education services [422]","20.7"
"Manitoba","Assisting occupations in education and in legal and public protection [43]","10.0"
"Manitoba","Care providers and public protection support occupations and student monitors, crossing guards and related occupations [44-45]","4.4"
"Manitoba","Occupations in art, culture, recreation and sport, except management [51-55]","20.2"
"Manitoba","Professional occupations in art and culture [51]","5.6"
"Manitoba","Technical occupations in art, culture and sport [52]","3.4"
"Manitoba","Occupations in art, culture and sport [53]","3.5"
"Manitoba","Support occupations in art, culture and sport [54-55]","7.6"
"Manitoba","Sales and service occupations, except management [62-65]","151.7"
"Manitoba","Retail sales and service supervisors and specialized occupations in sales and services [62]","24.1"
"Manitoba","Occupations in sales and services [63]","23.6"
"Manitoba","Sales and service representatives and other customer and personal services occupations [64]","45.6"
"Manitoba","Sales and service support occupations [65]","58.4"
"Manitoba","Trades, transport and equipment operators and related occupations, except management [72-75]","129.5"
"Manitoba","Technical trades and transportation officers and controllers [72]","62.0"
"Manitoba","General trades [73]","37.1"
"Manitoba","Mail and message distribution, other transport equipment operators and related maintenance workers [74]","7.8"
"Manitoba","Helpers and labourers and other transport drivers, operators and labourers [75]","22.5"
"Manitoba","Natural resources, agriculture and related production occupations, except management [82-85]","18.0"
"Manitoba","Supervisors and occupations in natural resources, agriculture and related production [82-83]","5.7"
"Manitoba","Workers and labourers in natural resources, agriculture and related production [84-85]","12.3"
"Manitoba","Occupations in manufacturing and utilities, except management [92-95]","37.8"
"Manitoba","Supervisors, central control and process operators in processing, manufacturing and utilities and aircraft assemblers and inspectors [92-93]","9.9"
"Manitoba","Machine operators, assemblers and inspectors in processing, manufacturing and printing [94]","22.2"
"Manitoba","Labourers in processing, manufacturing and utilities [95]","5.8"
"Manitoba","Unclassified occupations","16.8"
"Saskatchewan","Total, all occupations [00-95]","624.7"
"Saskatchewan","Management occupations [00, 10, 20, 30, 40, 50, 60, 70, 80, 90]","57.9"
"Saskatchewan","Legislative and senior management occupations [00]","1.5"
"Saskatchewan","Specialized middle management occupations [10, 20, 30, 40, 50]","15.9"
"Saskatchewan","Middle management occupations in retail and wholesale trade and customer services [60]","16.1"
"Saskatchewan","Middle management occupations in trades, transportation, production and utilities [70, 80, 90]","24.3"
"Saskatchewan","Business, finance and administration occupations, except management [11-14]","85.8"
"Saskatchewan","Professional occupations in finance and business [11]","18.7"
"Saskatchewan","Professional occupations in finance [111]","10.8"
"Saskatchewan","Professional occupations in business [112]","7.8"
"Saskatchewan","Administrative and financial supervisors and specialized administrative occupations [12]","21.8"
"Saskatchewan","Administrative occupations and transportation logistics occupations [13]","21.5"
"Saskatchewan","Administrative and financial support and supply chain logistics occupations [14]","23.9"
"Saskatchewan","Natural and applied sciences and related occupations, except management [21-22]","33.8"
"Saskatchewan","Professional occupations in natural and applied sciences [21]","18.7"
"Saskatchewan","Professional occupations in natural sciences [211]","2.6"
"Saskatchewan","Professional occupations in applied sciences (except engineering) [212]","10.6"
"Saskatchewan","Professional occupations in engineering [213]","5.5"
"Saskatchewan","Technical occupations related to natural and applied sciences [22]","15.1"
"Saskatchewan","Health occupations, except management [31-33]","58.4"
"Saskatchewan","Professional occupations in health [31]","27.8"
"Saskatchewan","Health treating and consultation services professionals [311]","9.6"
"Saskatchewan","Therapy and assessment professionals [312]","4.1"
"Saskatchewan","Nursing and allied health professionals [313]","14.1"
"Saskatchewan","Technical occupations in health [32]","11.8"
"Saskatchewan","Assisting occupations in support of health services [33]","18.9"
"Saskatchewan","Occupations in education, law and social, community and government services, except management [41-45]","66.8"
"Saskatchewan","Professional occupations in law, education, social, community and government services [41]","36.7"
"Saskatchewan","Professional occupations in law [411]","2.6"
"Saskatchewan","Professional occupations in education services [412]","22.3"
"Saskatchewan","Professional occupations in social and community services [413]","6.2"
"Saskatchewan","Professional occupations in government services [414]","5.6"
"Saskatchewan","Front-line public protection services and paraprofessional occupations in legal, social, community, education services [42]","19.7"
"Saskatchewan","Occupations in front-line public protection services [421]","4.7"
"Saskatchewan","Paraprofessional occupations in legal, social, community and education services [422]","15.0"
"Saskatchewan","Assisting occupations in education and in legal and public protection [43]","7.5"
"Saskatchewan","Care providers and public protection support occupations and student monitors, crossing guards and related occupations [44-45]","2.9"
"Saskatchewan","Occupations in art, culture, recreation and sport, except management [51-55]","12.1"
"Saskatchewan","Professional occupations in art and culture [51]","3.0"
"Saskatchewan","Technical occupations in art, culture and sport [52]","2.3"
"Saskatchewan","Occupations in art, culture and sport [53]","1.8"
"Saskatchewan","Support occupations in art, culture and sport [54-55]","4.9"
"Saskatchewan","Sales and service occupations, except management [62-65]","142.0"
"Saskatchewan","Retail sales and service supervisors and specialized occupations in sales and services [62]","20.5"
"Saskatchewan","Occupations in sales and services [63]","19.3"
"Saskatchewan","Sales and service representatives and other customer and personal services occupations [64]","41.5"
"Saskatchewan","Sales and service support occupations [65]","60.7"
"Saskatchewan","Trades, transport and equipment operators and related occupations, except management [72-75]","110.4"
"Saskatchewan","Technical trades and transportation officers and controllers [72]","54.1"
"Saskatchewan","General trades [73]","29.6"
"Saskatchewan","Mail and message distribution, other transport equipment operators and related maintenance workers [74]","6.0"
"Saskatchewan","Helpers and labourers and other transport drivers, operators and labourers [75]","20.7"
"Saskatchewan","Natural resources, agriculture and related production occupations, except management [82-85]","28.6"
"Saskatchewan","Supervisors and occupations in natural resources, agriculture and related production [82-83]","10.2"
"Saskatchewan","Workers and labourers in natural resources, agriculture and related production [84-85]","18.4"
"Saskatchewan","Occupations in manufacturing and utilities, except management [92-95]","17.0"
"Saskatchewan","Supervisors, central control and process operators in processing, manufacturing and utilities and aircraft assemblers and inspectors [92-93]","6.1"
"Saskatchewan","Machine operators, assemblers and inspectors in processing, manufacturing and printing [94]","8.0"
"Saskatchewan","Labourers in processing, manufacturing and utilities [95]","2.9"
"Saskatchewan","Unclassified occupations","11.9"
"Alberta","Total, all occupations [00-95]","2664.5"
"Alberta","Management occupations [00, 10, 20, 30, 40, 50, 60, 70, 80, 90]","252.7"
"Alberta","Legislative and senior management occupations [00]","7.9"
"Alberta","Specialized middle management occupations [10, 20, 30, 40, 50]","82.3"
"Alberta","Middle management occupations in retail and wholesale trade and customer services [60]","65.6"
"Alberta","Middle management occupations in trades, transportation, production and utilities [70, 80, 90]","96.8"
"Alberta","Business, finance and administration occupations, except management [11-14]","413.6"
"Alberta","Professional occupations in finance and business [11]","107.4"
"Alberta","Professional occupations in finance [111]","57.1"
"Alberta","Professional occupations in business [112]","50.3"
"Alberta","Administrative and financial supervisors and specialized administrative occupations [12]","104.3"
"Alberta","Administrative occupations and transportation logistics occupations [13]","90.1"
"Alberta","Administrative and financial support and supply chain logistics occupations [14]","111.8"
"Alberta","Natural and applied sciences and related occupations, except management [21-22]","231.5"
"Alberta","Professional occupations in natural and applied sciences [21]","131.1"
"Alberta","Professional occupations in natural sciences [211]","7.9"
"Alberta","Professional occupations in applied sciences (except engineering) [212]","73.7"
"Alberta","Professional occupations in engineering [213]","49.5"
"Alberta","Technical occupations related to natural and applied sciences [22]","100.4"
"Alberta","Health occupations, except management [31-33]","201.5"
"Alberta","Professional occupations in health [31]","91.7"
"Alberta","Health treating and consultation services professionals [311]","19.5"
"Alberta","Therapy and assessment professionals [312]","12.9"
"Alberta","Nursing and allied health professionals [313]","59.2"
"Alberta","Technical occupations in health [32]","65.1"
"Alberta","Assisting occupations in support of health services [33]","44.7"
"Alberta","Occupations in education, law and social, community and government services, except management [41-45]","239.4"
"Alberta","Professional occupations in law, education, social, community and government services [41]","141.6"
"Alberta","Professional occupations in law [411]","11.7"
"Alberta","Professional occupations in education services [412]","72.8"
"Alberta","Professional occupations in social and community services [413]","24.1"
"Alberta","Professional occupations in government services [414]","33.0"
"Alberta","Front-line public protection services and paraprofessional occupations in legal, social, community, education services [42]","70.4"
"Alberta","Occupations in front-line public protection services [421]","19.9"
"Alberta","Paraprofessional occupations in legal, social, community and education services [422]","50.5"
"Alberta","Assisting occupations in education and in legal and public protection [43]","18.3"
"Alberta","Care providers and public protection support occupations and student monitors, crossing guards and related occupations [44-45]","9.1"
"Alberta","Occupations in art, culture, recreation and sport, except management [51-55]","58.9"
"Alberta","Professional occupations in art and culture [51]","9.8"
"Alberta","Technical occupations in art, culture and sport [52]","16.5"
"Alberta","Occupations in art, culture and sport [53]","14.8"
"Alberta","Support occupations in art, culture and sport [54-55]","17.7"
"Alberta","Sales and service occupations, except management [62-65]","564.7"
"Alberta","Retail sales and service supervisors and specialized occupations in sales and services [62]","74.0"
"Alberta","Occupations in sales and services [63]","67.3"
"Alberta","Sales and service representatives and other customer and personal services occupations [64]","178.9"
"Alberta","Sales and service support occupations [65]","244.4"
"Alberta","Trades, transport and equipment operators and related occupations, except management [72-75]","455.4"
"Alberta","Technical trades and transportation officers and controllers [72]","233.5"
"Alberta","General trades [73]","123.9"
"Alberta","Mail and message distribution, other transport equipment operators and related maintenance workers [74]","20.1"
"Alberta","Helpers and labourers and other transport drivers, operators and labourers [75]","77.9"
"Alberta","Natural resources, agriculture and related production occupations, except management [82-85]","89.4"
"Alberta","Supervisors and occupations in natural resources, agriculture and related production [82-83]","44.5"
"Alberta","Workers and labourers in natural resources, agriculture and related production [84-85]","45.0"
"Alberta","Occupations in manufacturing and utilities, except management [92-95]","80.5"
"Alberta","Supervisors, central control and process operators in processing, manufacturing and utilities and aircraft assemblers and inspectors [92-93]","29.3"
"Alberta","Machine operators, assemblers and inspectors in processing, manufacturing and printing [94]","37.0"
"Alberta","Labourers in processing, manufacturing and utilities [95]","14.2"
"Alberta","Unclassified occupations","76.9"
"British Columbia","Total, all occupations [00-95]","2975.0"
"British Columbia","Management occupations [00, 10, 20, 30, 40, 50, 60, 70, 80, 90]","310.0"
"British Columbia","Legislative and senior management occupations [00]","8.0"
"British Columbia","Specialized middle management occupations [10, 20, 30, 40, 50]","102.0"
"British Columbia","Middle management occupations in retail and wholesale trade and customer services [60]","103.3"
"British Columbia","Middle management occupations in trades, transportation, production and utilities [70, 80, 90]","96.7"
"British Columbia","Business, finance and administration occupations, except management [11-14]","462.7"
"British Columbia","Professional occupations in finance and business [11]","147.9"
"British Columbia","Professional occupations in finance [111]","82.1"
"British Columbia","Professional occupations in business [112]","65.7"
"British Columbia","Administrative and financial supervisors and specialized administrative occupations [12]","108.2"
"British Columbia","Administrative occupations and transportation logistics occupations [13]","84.2"
"British Columbia","Administrative and financial support and supply chain logistics occupations [14]","122.5"
"British Columbia","Natural and applied sciences and related occupations, except management [21-22]","211.2"
"British Columbia","Professional occupations in natural and applied sciences [21]","137.9"
"British Columbia","Professional occupations in natural sciences [211]","14.0"
"British Columbia","Professional occupations in applied sciences (except engineering) [212]","95.4"
"British Columbia","Professional occupations in engineering [213]","28.5"
"British Columbia","Technical occupations related to natural and applied sciences [22]","73.3"
"British Columbia","Health occupations, except management [31-33]","227.9"
"British Columbia","Professional occupations in health [31]","121.0"
"British Columbia","Health treating and consultation services professionals [311]","40.3"
"British Columbia","Therapy and assessment professionals [312]","19.7"
"British Columbia","Nursing and allied health professionals [313]","61.0"
"British Columbia","Technical occupations in health [32]","53.0"
"British Columbia","Assisting occupations in support of health services [33]","53.9"
"British Columbia","Occupations in education, law and social, community and government services, except management [41-45]","312.3"
"British Columbia","Professional occupations in law, education, social, community and government services [41]","197.8"
"British Columbia","Professional occupations in law [411]","15.9"
"British Columbia","Professional occupations in education services [412]","109.7"
"British Columbia","Professional occupations in social and community services [413]","33.3"
"British Columbia","Professional occupations in government services [414]","38.9"
"British Columbia","Front-line public protection services and paraprofessional occupations in legal, social, community, education services [42]","76.7"
"British Columbia","Occupations in front-line public protection services [421]","14.4"
"British Columbia","Paraprofessional occupations in legal, social, community and education services [422]","62.3"
"British Columbia","Assisting occupations in education and in legal and public protection [43]","23.0"
"British Columbia","Care providers and public protection support occupations and student monitors, crossing guards and related occupations [44-45]","14.7"
"British Columbia","Occupations in art, culture, recreation and sport, except management [51-55]","146.7"
"British Columbia","Professional occupations in art and culture [51]","34.8"
"British Columbia","Technical occupations in art, culture and sport [52]","53.7"
"British Columbia","Occupations in art, culture and sport [53]","30.4"
"British Columbia","Support occupations in art, culture and sport [54-55]","27.8"
"British Columbia","Sales and service occupations, except management [62-65]","699.1"
"British Columbia","Retail sales and service supervisors and specialized occupations in sales and services [62]","101.8"
"British Columbia","Occupations in sales and services [63]","95.9"
"British Columbia","Sales and service representatives and other customer and personal services occupations [64]","208.9"
"British Columbia","Sales and service support occupations [65]","292.5"
"British Columbia","Trades, transport and equipment operators and related occupations, except management [72-75]","399.5"
"British Columbia","Technical trades and transportation officers and controllers [72]","200.7"
"British Columbia","General trades [73]","101.7"
"British Columbia","Mail and message distribution, other transport equipment operators and related maintenance workers [74]","23.8"
"British Columbia","Helpers and labourers and other transport drivers, operators and labourers [75]","73.4"
"British Columbia","Natural resources, agriculture and related production occupations, except management [82-85]","64.0"
"British Columbia","Supervisors and occupations in natural resources, agriculture and related production [82-83]","18.9"
"British Columbia","Workers and labourers in natural resources, agriculture and related production [84-85]","45.1"
"British Columbia","Occupations in manufacturing and utilities, except management [92-95]","75.8"
"British Columbia","Supervisors, central control and process operators in processing, manufacturing and utilities and aircraft assemblers and inspectors [92-93]","24.0"
"British Columbia","Machine operators, assemblers and inspectors in processing, manufacturing and printing [94]","37.2"
"British Columbia","Labourers in processing, manufacturing and utilities [95]","14.6"
"British Columbia","Unclassified occupations","65.8"
